Calle Berna,Organization,Calle Berna
Calle Berna,Person,Berna
Fuji GspIii,Organization,Fuji GspIii
Fuji GspIii,Person,Fuji
Accu Cable,Organization,Accu Cable
Stalag Luft,Organization,Stalag Luft
Roald Amundsen,Organization,Roald Amundsen
Pritesh Gandhi,Organization,Pritesh Gandhi
Pritesh Gandhi,Person,Gandhi
Buffy Kwan,Organization,Buffy Kwan
Dang Dang,Organization,Dang Dang
Angie Hicks,Organization,Angie Hicks
Ari Court,Organization,Ari Court
Patricia Kampling
Junaid Faruq,Person,Junaid Faruq
Junaid Faruq,Person,Faruq
Lisa O'Leary,Person,Lisa O'Leary
Jennifer Murray,Person,Jennifer Murray
Jennifer Murray,Person,Murray
Sam Tra,Person,Sam Tra
Kris Kozamchak,Person,Kris Kozamchak
HansJrgen Niethammer
Vic Gondha,Person,Vic Gondha
Luis Llorens,Person,Luis Llorens
Bud Keller,Person,Bud Keller
Luis Pino
Del Pino,Person,Del Pino
Nathan Blackstock,Person,Nathan Blackstock
Randy Bryant,Person,Randy Bryant
Randy Bryant,Person,Randy
Randy Bryant,Person,Bryant
John Mitchell,Person,John Mitchell
John Mitchell,Person,Mitchell
Patti Ross,Person,Patti Ross
Patti Ross,Person,Ross
Brian Gamage,Person,Brian Gamage
Sergio Ruiz,Person,Sergio Ruiz
Antonio  Iglesias,Person,Antonio  Iglesias
Raymond Sicotte,Person,Raymond Sicotte
Terry Monroe,Person,Terry Monroe
Terry Monroe,Person,Monroe
Martin Stewart,Person,Martin Stewart
Martin Stewart,Person,Stewart
Michael Venditti,Person,Michael Venditti
Lorna Robinson,Person,Lorna Robinson
Lorna Robinson,Person,Robinson
Gus Gulisano,Person,Gus Gulisano
Hugh Tait,Person,Hugh Tait
Hugh Tait,Person,Tait
Mike Torma
Mike Torma,Person,Mike
Van Ness,Person,Van Ness
James Antrim,Person,James Antrim
Dave Antrim,Person,Dave Antrim
Rodney Dunbar,Person,Rodney Dunbar
Frank Martinez,Person,Frank Martinez
Frank Martinez,Person,Martinez
Christopher Mankins,Person,Christopher Mankins
Jerry Shepard,Person,Jerry Shepard
Jerry Shepard,Person,Shepard
Richard Hamilton,Person,Richard Hamilton
Dennis Joyce,Person,Dennis Joyce
Dennis Joyce,Person,Joyce
Ken Doner,Person,Ken Doner
Jason Jones,Person,Jason Jones
Mike Fahey,Person,Mike Fahey
Mike Fahey,Person,Mike
James Rainey
James Rainey,Person,Rainey
Ron Warren,Person,Ron Warren
Ron Warren,Person,Warren
Wesley Murray,Person,Wesley Murray
Wesley Murray,Person,Murray
Tom Goulding,Person,Tom Goulding
Matt Heyn,Person,Matt Heyn
John Staton,Person,John Staton
Thomas Bell
Thomas Bell,Person,Bell
Herb Kuhn,Person,Herb Kuhn
Jan O'Brien,Person,Jan O'Brien
Dennis George,Person,Dennis George
Dennis George,Person,George
Linda Bailey,Person,Linda Bailey
Linda Bailey,Person,Bailey
Kathi Branyon,Person,Kathi Branyon
Bruce Frerking,Person,Bruce Frerking
Lisa Love,Person,Lisa Love
Traci Parsons,Person,Traci Parsons
Linda Wiedner,Person,Linda Wiedner
Holly Rohleder,Person,Holly Rohleder
Jeffrey Jones,Person,Jeffrey Jones
James Kilkelly,Person,James Kilkelly
Scott Burkett,Person,Scott Burkett
Jeff Bezos,Person,Jeff Bezos
Chris Re
Peter Gant
Darin Parlier,Person,Darin Parlier
Kendall Howard,Person,Kendall Howard
Kendall Howard,Person,Howard
Robert Zeff,Person,Robert Zeff
Harley Harness,Person,Harley Harness
Jonathan Perris,Person,Jonathan Perris
Daniel Cannon,Person,Daniel Cannon
Lee Sumrall,Person,Lee Sumrall
Lee Sumrall,Person,Lee
Steve Hyche,Person,Steve Hyche
Tim Mann,Person,Tim Mann
Vladimir Voronezh,Person,Vladimir Voronezh
Jean Moulin,Person,Jean Moulin
Claude Savard,Person,Claude Savard
Vince Pradia,Person,Vince Pradia
Pierre Laboisse,Person,Pierre Laboisse
Andrew Wu,Person,Andrew Wu
Gilles Benhamou,Person,Gilles Benhamou
Asteelflash Mgrine
Joseph Fenole,Person,Joseph Fenole
Sata Iii
Barbara Ehresman,Person,Barbara Ehresman
Kenneth Ehresman,Person,Kenneth Ehresman
Richard Spikes,Person,Richard Spikes
David Shears,Person,David Shears
Maria Prindle,Person,Maria Prindle
Donna Comens,Person,Donna Comens
Dave Ehresman,Person,Dave Ehresman
Nick Birmingham
Nick Birmingham,City,Birmingham
Nick Lee,Person,Nick Lee
Nick Lee,Person,Lee
Daniel Kleeman,Person,Daniel Kleeman
Hubert Kleeman,Person,Hubert Kleeman
Melissa Pontiac,Person,Melissa Pontiac
Melissa Cruz,Person,Melissa Cruz
Melissa Cruz,Person,Cruz
Tiffany Houseman,Person,Tiffany Houseman
Jason Lewis,Person,Jason Lewis
Jason Lewis,Person,Lewis
Jeremy Fracaro,Person,Jeremy Fracaro
Ashlyn Layton,Person,Ashlyn Layton
Jeremy Vandyke,Person,Jeremy Vandyke
Elise Comens,Person,Elise Comens
Dan Hendershott,Person,Dan Hendershott
Craig Carpenter,Person,Craig Carpenter
Craig Carpenter,PersonCareer,Carpenter
Dale Earnhardt,Person,Dale Earnhardt
Neville Longbottom,Person,Neville Longbottom
Nadia Aguirre,Person,Nadia Aguirre
Jay Dronenberg,Person,Jay Dronenberg
Heather Long
Heather Long,Position,Long
Peggy Walkley,Position,Peggy Walkley
Jashad Bishop,Position,Jashad Bishop
Annie Harpenau,Person,Annie Harpenau
Laurie Benningfield,Person,Laurie Benningfield
Amanda Price
Whitney Ehresman
Ray Magee,Person,Ray Magee
Dondi Lee,Person,Dondi Lee
Dondi Lee,Person,Lee
Randy Coons,Person,Randy Coons
Randy Coons,Person,Randy
Tom Kolniak,Person,Tom Kolniak
Timothy Klein,Person,Timothy Klein
James Masiello,Person,James Masiello
Timothy Boser,Person,Timothy Boser
Adam Cornell,Person,Adam Cornell
Adam Cornell,Organization,Cornell
Adam Erickson,Person,Adam Erickson
Dan Ficker,Person,Dan Ficker
Dan Thorberg,Person,Dan Thorberg
Erica Lovestrand,Person,Erica Lovestrand
Erich Hanson,Person,Erich Hanson
Erich Hanson,Person,Hanson
Erin Pintozzi,Person,Erin Pintozzi
Jack Thumser,Person,Jack Thumser
Jared Drahonovsky,Person,Jared Drahonovsky
Jeff Farr,Person,Jeff Farr
Jessica Burge,Person,Jessica Burge
Joe Carey,Person,Joe Carey
Joe Carey,Person,Carey
Josh Johnson,Person,Josh Johnson
Josh Johnson,Person,Johnson
Lynn Winter,Person,Lynn Winter
Lynn Winter,Person,Lynn
Marty Johnson,Person,Marty Johnson
Marty Johnson,Person,Johnson
Pete Mcwilliams,Person,Pete Mcwilliams
Renee Anderson,Person,Renee Anderson
Shawn Haukaas,Person,Shawn Haukaas
Stacey Schany
Tom Hodson,Person,Tom Hodson
Callin Mullaney
Richard Price
George Brengel
George Brengel,Person,George
Axel Schneider,Person,Axel Schneider
Takashi Matsuda
Takashi Matsuda,Company,Matsuda
Karrie Lee,Person,Karrie Lee
Karrie Lee,Person,Lee
Anthony Maslowski,Person,Anthony Maslowski
Thomas Krause,Person,Thomas Krause
Patricia Mccall,Person,Patricia Mccall
Andy Nallappan,Person,Andy Nallappan
Ivy Pong,Person,Ivy Pong
Ivy Pong,Person,Pong
Kirsten Spears,Person,Kirsten Spears
Kirsten Spears,Person,Kirsten
Jim Bland,Person,Jim Bland
Bryan Ingram,Person,Bryan Ingram
Bryan Ingram,Person,Ingram
Frank Ostojic,Person,Frank Ostojic
Tom Swinford,Person,Tom Swinford
Tze Chong,Person,Tze Chong
Tze Chong,Person,Chong
Sally Doherty,Person,Sally Doherty
Jeff Hoogenboom,Person,Jeff Hoogenboom
Hassan Hussain,Person,Hassan Hussain
Hassan Hussain,Person,Hussain
Mark Terrano,Person,Mark Terrano
Martin Weigert,Person,Martin Weigert
Boon Ooi
Bob Mantz,Person,Bob Mantz
Fletcher Pkwy
Avel Lindberg,Person,Avel Lindberg
Avel Lindbergs,Person,Avel Lindbergs
Peter Drucker,Person,Peter Drucker
Allan Frank
